{"cameraMode":{"drawMode":0,"name":"Shaded","section":"Shading Mode"},"sceneLighting":true,"audioPlay":false,"sceneViewState":{"showFog":true,"showMaterialUpdate":false,"showSkybox":true,"showFlares":true,"showImageEffects":true,"showParticleSystems":true,"showVisualEffectGraphs":true,"m_FxEnabled":true},"in2DMode":false,"pivot":{"x":-0.42335009574890139,"y":-1.3420391082763672,"z":5.043027400970459},"rotation":{"x":-0.1934262216091156,"y":0.18621397018432618,"z":-0.037419792264699939,"w":-0.9625549912452698},"size":4.211126804351807,"orthographic":false}